{
  "uiseong": {
    "A_full": 0.7466822529866878,
    "A1_no_pyro": 0.6384852629409223,
    "A2_no_south": 0.780526865332524,
    "A3_no_firerisk": 0.6802051962203064,
    "A4_no_pinetx": 0.755970242176836
  },
  "sancheong": {
    "A_full": 0.647081567669803,
    "A1_no_pyro": 0.6466941192431389,
    "A2_no_south": 0.5367772750125691,
    "A3_no_firerisk": 0.6999930171498798,
    "A4_no_pinetx": 0.6347091543169975
  }
}