{
  "uiseong": {
    "n_burned_total": 25804,
    "n_unburned_total": 319923,
    "n_boot": 200,
    "auc_mean": 0.74659602969,
    "auc_q025": 0.741054854,
    "auc_q975": 0.75246870835,
    "lift_mean": 2.25172,
    "lift_q025": 2.1559500000000003,
    "lift_q975": 2.36
  },
  "sancheong": {
    "n_burned_total": 252,
    "n_unburned_total": 9945,
    "n_boot": 200,
    "auc_mean": 0.6490208976753096,
    "auc_q025": 0.6174585567845372,
    "auc_q975": 0.6797090096722451,
    "lift_mean": 1.7829699985980654,
    "lift_q025": 1.3898429833169774,
    "lift_q975": 2.2247415182952475
  },
  "gangneung": {
    "n_burned_total": 13944,
    "n_unburned_total": 2483500,
    "n_boot": 200,
    "auc_mean": 0.54882314443,
    "auc_q025": 0.5383186769,
    "auc_q975": 0.55793066975,
    "lift_mean": 1.80162,
    "lift_q025": 1.6959499999999998,
    "lift_q975": 1.8941
  },
  "uljin": {
    "n_burned_total": 495890,
    "n_unburned_total": 3291745,
    "n_boot": 200,
    "auc_mean": 0.54475398705,
    "auc_q025": 0.53781353805,
    "auc_q975": 0.5515438788500001,
    "lift_mean": 0.74863,
    "lift_q025": 0.68995,
    "lift_q975": 0.8140499999999999
  },
  "palisades": {
    "n_burned_total": 672894,
    "n_unburned_total": 1628657,
    "n_boot": 200,
    "auc_mean": 0.67767993518,
    "auc_q025": 0.6719850640000001,
    "auc_q975": 0.6848349649,
    "lift_mean": 1.4183,
    "lift_q025": 1.3355499999999998,
    "lift_q975": 1.50815
  }
}