{
  "uiseong": {
    "brier_raw": 0.31547072529792786,
    "brier_cal": 0.06536523252725601,
    "improvement": 0.25010549277067184
  },
  "sancheong": {
    "brier_raw": 0.10388410091400146,
    "brier_cal": 0.024205153807997704,
    "improvement": 0.07967894710600376
  },
  "gangneung": {
    "brier_raw": 0.19465526938438416,
    "brier_cal": 0.008129339665174484,
    "improvement": 0.18652592971920967
  },
  "uljin": {
    "brier_raw": 0.2112354040145874,
    "brier_cal": 0.12539224326610565,
    "improvement": 0.08584316074848175
  },
  "palisades": {
    "brier_raw": 0.2239360809326172,
    "brier_cal": 0.25531941652297974,
    "improvement": -0.03138333559036255
  }
}