{
  "OSF_weights": [
    0.4,
    0.2,
    0.3,
    0.1
  ],
  "Uiseong_logit_coefs_raw": [
    2.482992715971224,
    -1.1328937522792206,
    -1.8707487518634565,
    1.1430618870257796
  ],
  "Uiseong_logit_coefs_normed": [
    0.6847642926375733,
    0.0,
    0.0,
    0.31523570708664495
  ],
  "labels": [
    "pyro",
    "south",
    "firerisk",
    "pine_terrain"
  ],
  "rows": [
    {
      "site": "uiseong",
      "auc_OSF": 0.5886643860905816,
      "auc_Uiseongfit": 0.7021852913517368,
      "delta": 0.11352090526115521
    },
    {
      "site": "sancheong",
      "auc_OSF": 0.7182790281602087,
      "auc_Uiseongfit": 0.6555578833951874,
      "delta": -0.06272114476502133
    }
  ]
}