{
  "uiseong": {
    "n": 20000,
    "n_burn": 1521,
    "n_clusters": 11,
    "coef": 2.4884175300545985,
    "se": 0.4701093012659838,
    "wald_z": 5.293274400981641,
    "p": 1.2014543337990347e-07,
    "odds_ratio": 12.042204607508868
  },
  "sancheong": {
    "n": 10197,
    "n_burn": 252,
    "n_clusters": 4,
    "coef": 3.6491493551441883,
    "se": 0.1744147633656473,
    "wald_z": 20.92225041462817,
    "p": 0.0,
    "odds_ratio": 38.4419516884024
  },
  "palisades": {
    "n": 20000,
    "n_burn": 5872,
    "n_clusters": 80,
    "coef": 0.08044867239325677,
    "se": 0.14279936496616283,
    "wald_z": 0.5633685584828726,
    "p": 0.5731839424561567,
    "odds_ratio": 1.083773217729095
  }
}