{
  "uiseong": {
    "observed_auc": 0.7479237980000001,
    "n_boot": 200,
    "auc_q025": 0.7421251917837345,
    "auc_q975": 0.7528157651145173,
    "auc_min_run": 0.7396857202818627,
    "auc_max_run": 0.7545379121201594
  },
  "sancheong": {
    "observed_auc": 0.647081567669803,
    "n_boot": 200,
    "auc_q025": 0.6066737903941151,
    "auc_q975": 0.6789297250434968,
    "auc_min_run": 0.5954446650042653,
    "auc_max_run": 0.6886964288803918
  },
  "gangneung": {
    "observed_auc": 0.550257814,
    "n_boot": 200,
    "auc_q025": 0.5404307781278043,
    "auc_q975": 0.5600926431378035,
    "auc_min_run": 0.5361178516254882,
    "auc_max_run": 0.5656779756260872
  },
  "uljin": {
    "observed_auc": 0.5415791080000001,
    "n_boot": 200,
    "auc_q025": 0.5346567754955831,
    "auc_q975": 0.5473736637069877,
    "auc_min_run": 0.5321216208576142,
    "auc_max_run": 0.5487839163951772
  },
  "palisades": {
    "observed_auc": 0.677905216,
    "n_boot": 200,
    "auc_q025": 0.6713283421266569,
    "auc_q975": 0.6838653854181688,
    "auc_min_run": 0.6667782230737694,
    "auc_max_run": 0.6876548762886939
  }
}