{
  "site": "uiseong",
  "n_samples": 128,
  "auc_mean": 0.7389531256180579,
  "auc_std": 0.017921455610459824,
  "auc_min": 0.6862822630719506,
  "auc_max": 0.7719656075779702,
  "auc_q05": 0.7052699576580945,
  "auc_q95": 0.7662665709204356,
  "default_weights": {
    "pyro": 0.4,
    "south": 0.2,
    "firerisk": 0.3,
    "pine_tx": 0.1
  },
  "perturbation_pct": 50
}