{
  "uiseong": {
    "HSI_v1": 0.7466822611632601,
    "KBDI_proxy": 0.5662359158428776,
    "FWI_proxy": 0.5662359158428776,
    "DWI_proxy": 0.5662359158428776,
    "HSI_v1_plus_DWI_07_03": 0.7426953400287584
  },
  "sancheong": {
    "HSI_v1": 0.647081567669803,
    "KBDI_proxy": 0.5307229444484346,
    "FWI_proxy": 0.5307229444484346,
    "DWI_proxy": 0.5307229444484346,
    "HSI_v1_plus_DWI_07_03": 0.6491040005745887
  }
}